{
  "project_info": {
    "project_number": "297363288646",
    "firebase_url": "https://schoolapp-4df01.firebaseio.com",
    "project_id": "schoolapp-4df01",
    "storage_bucket": "schoolapp-4df01.appspot.com"
  },
  "client": [
    {
      "client_info": {
        "mobilesdk_app_id": "1:297363288646:android:d9ee3277edc0781962d047",
        "android_client_info": {
          "package_name": "com.example.schoolsubjects"
        }
      },
      "oauth_client": [
        {
          "client_id": "297363288646-mtho7829k4tdl67de1263usonsehtfqk.apps.googleusercontent.com",
          "client_type": 1,
          "android_info": {
            "package_name": "com.example.schoolsubjects",
            "certificate_hash": "fd9fbe807efd150c707dbd13478efd8b6e47123c"
          }
        },
        {
          "client_id": "297363288646-m2vdk1pvs0fhqkro9v28fo7peuqs37n5.apps.googleusercontent.com",
          "client_type": 3
        }
      ],
      "api_key": [
        {
          "current_key": "AIzaSyCHha7caCEKrIncfQmQ1AgFiFzVMIpTfpk"
        }
      ],
      "services": {
        "appinvite_service": {
          "other_platform_oauth_client": [
            {
              "client_id": "297363288646-m2vdk1pvs0fhqkro9v28fo7peuqs37n5.apps.googleusercontent.com",
              "client_type": 3
            }
          ]
        }
      }
    }
  ],
  "configuration_version": "1"
}