{
  "project_info": {
    "project_number": "339810465589",
    "firebase_url": "https://javaproject-5efde.firebaseio.com",
    "project_id": "javaproject-5efde",
    "storage_bucket": "javaproject-5efde.appspot.com"
  },
  "client": [
    {
      "client_info": {
        "mobilesdk_app_id": "1:339810465589:android:91862f549603e13650be7c",
        "android_client_info": {
          "package_name": "com.example.hci_project"
        }
      },
      "oauth_client": [
        {
          "client_id": "339810465589-hbrtsgesh0v2eis1jllt5asae5phnmo3.apps.googleusercontent.com",
          "client_type": 1,
          "android_info": {
            "package_name": "com.example.hci_project",
            "certificate_hash": "fd9fbe807efd150c707dbd13478efd8b6e47123c"
          }
        },
        {
          "client_id": "339810465589-u01njfcv5fs0974rjd39ikc4fkfnmkau.apps.googleusercontent.com",
          "client_type": 3
        }
      ],
      "api_key": [
        {
          "current_key": "AIzaSyBzHR6fGkI173h7TLD9GwwUicZU-GhmCEI"
        }
      ],
      "services": {
        "appinvite_service": {
          "other_platform_oauth_client": [
            {
              "client_id": "339810465589-u01njfcv5fs0974rjd39ikc4fkfnmkau.apps.googleusercontent.com",
              "client_type": 3
            }
          ]
        }
      }
    }
  ],
  "configuration_version": "1"
}